differing_column,row1_index,row2_index,condition_case
Formula Additive 1,17156,7154,row2
Formula Additive 1,17164,7154,row2
Formula Additive 1,17494,7154,row2
Formula Additive 1,17509,7154,row2
Formula Additive 1,17156,9286,row2
Formula Additive 1,17164,9286,row2
Formula Additive 1,17494,9286,row2
Formula Additive 1,17509,9286,row2
Formula Additive 1,17156,9938,row2
Formula Additive 1,17164,9938,row2
Formula Additive 1,17494,9938,row2
Formula Additive 1,17509,9938,row2
Formula Additive 1,12295,17156,row1
Formula Additive 1,12295,17164,row1
Formula Additive 1,12295,17494,row1
Formula Additive 1,12295,17509,row1
Formula Additive 1,13873,7154,row2
Formula Additive 1,13903,7154,row2
Formula Additive 1,14359,7154,row2
Formula Additive 1,14391,7154,row2
Formula Additive 1,14409,7154,row2
Formula Additive 1,13873,9286,row2
Formula Additive 1,13903,9286,row2
Formula Additive 1,14359,9286,row2
Formula Additive 1,14391,9286,row2
Formula Additive 1,14409,9286,row2
Formula Additive 1,13873,9938,row2
Formula Additive 1,13903,9938,row2
Formula Additive 1,14359,9938,row2
Formula Additive 1,14391,9938,row2
Formula Additive 1,14409,9938,row2
Formula Additive 1,12295,13903,row1
Formula Additive 1,12295,14359,row1
Formula Additive 1,12295,14391,row1
Formula Additive 1,12295,14409,row1
Formula Additive 1,16761,7154,row2
Formula Additive 1,16991,7154,row2
Formula Additive 1,16761,9286,row2
Formula Additive 1,16761,9938,row2
Formula Additive 1,16991,9938,row2
Formula Additive 1,12295,16761,row1
Formula Additive 1,15955,7154,row2
Formula Additive 1,16507,7154,row2
Formula Additive 1,18196,7154,row2
Formula Additive 1,18243,7154,row2
Formula Additive 1,18254,7154,row2
Formula Additive 1,15955,9286,row2
Formula Additive 1,16507,9286,row2
Formula Additive 1,18196,9286,row2
Formula Additive 1,18243,9286,row2
Formula Additive 1,18254,9286,row2
Formula Additive 1,15955,9938,row2
Formula Additive 1,16507,9938,row2
Formula Additive 1,18196,9938,row2
Formula Additive 1,18243,9938,row2
Formula Additive 1,18254,9938,row2
Formula Additive 1,12295,15955,row1
Formula Additive 1,12295,16507,row1
Formula Additive 1,12295,18196,row1
Formula Additive 1,12295,18243,row1
Formula Additive 1,12295,18254,row1
Formula Additive 1,14852,7154,row2
Formula Additive 1,18187,7154,row2
Formula Additive 1,18199,7154,row2
Formula Additive 1,14852,9286,row2
Formula Additive 1,18187,9286,row2
Formula Additive 1,18199,9286,row2
Formula Additive 1,14852,9938,row2
Formula Additive 1,18187,9938,row2
Formula Additive 1,18199,9938,row2
Formula Additive 1,12295,14852,row1
Formula Additive 1,12295,18187,row1
Formula Additive 1,12295,18199,row1
Formula Additive 1,17718,7154,row2
Formula Additive 1,17733,7154,row2
Formula Additive 1,17740,7154,row2
Formula Additive 1,17830,7154,row2
Formula Additive 1,17718,9286,row2
Formula Additive 1,17733,9286,row2
Formula Additive 1,17740,9286,row2
Formula Additive 1,17830,9286,row2
Formula Additive 1,17718,9938,row2
Formula Additive 1,17733,9938,row2
Formula Additive 1,17740,9938,row2
Formula Additive 1,17830,9938,row2
Formula Additive 1,12295,17718,row1
Formula Additive 1,12295,17733,row1
Formula Additive 1,12295,17740,row1
Formula Additive 1,12295,17830,row1
Formula Additive 1,13873,17156,row1
Formula Additive 1,13903,17156,row1
Formula Additive 1,14359,17156,row1
Formula Additive 1,14409,17156,row1
Formula Additive 1,13873,17164,row1
Formula Additive 1,13903,17164,row1
Formula Additive 1,14359,17164,row1
Formula Additive 1,14409,17164,row1
Formula Additive 1,13873,17494,row1
Formula Additive 1,13903,17494,row1
Formula Additive 1,14391,17494,row2
Formula Additive 1,14409,17494,row1
Formula Additive 1,13903,17509,row1
Formula Additive 1,14391,17509,row2
Formula Additive 1,14409,17509,row1
Formula Additive 1,16761,17156,row1
Formula Additive 1,16991,17156,row1
Formula Additive 1,16761,17164,row1
Formula Additive 1,16991,17164,row1
Formula Additive 1,16761,17494,row1
Formula Additive 1,16991,17494,row1
Formula Additive 1,16761,17509,row1
Formula Additive 1,16991,17509,row1
Formula Additive 1,15955,17156,row1
Formula Additive 1,16507,17156,row1
Formula Additive 1,17156,18243,row2
Formula Additive 1,17156,18254,row2
Formula Additive 1,15955,17164,row2
Formula Additive 1,16507,17164,row1
Formula Additive 1,17164,18243,row2
Formula Additive 1,17164,18254,row2
Formula Additive 1,15955,17494,row2
Formula Additive 1,16507,17494,row1
Formula Additive 1,17494,18243,row2
Formula Additive 1,17494,18254,row2
Formula Additive 1,15955,17509,row2
Formula Additive 1,16507,17509,row1
Formula Additive 1,17509,18243,row2
Formula Additive 1,17509,18254,row2
Formula Additive 1,14852,17156,row1
Formula Additive 1,17156,18199,row2
Formula Additive 1,17494,18199,row1
Formula Additive 1,14852,17509,row2
Formula Additive 1,17509,18187,row1
Formula Additive 1,17509,18199,row1
Formula Additive 1,17156,17718,row2
Formula Additive 1,17156,17733,row2
Formula Additive 1,17156,17740,row2
Formula Additive 1,17164,17718,row2
Formula Additive 1,17164,17733,row2
Formula Additive 1,17164,17740,row2
Formula Additive 1,17494,17718,row2
Formula Additive 1,17509,17718,row2
Formula Additive 1,13873,16991,row2
Formula Additive 1,13903,16761,row2
Formula Additive 1,14359,16761,row2
Formula Additive 1,14359,16991,row2
Formula Additive 1,14391,16761,row2
Formula Additive 1,14391,16991,row2
Formula Additive 1,13873,15955,row1
Formula Additive 1,13903,15955,row1
Formula Additive 1,13903,16507,row2
Formula Additive 1,13903,18196,row1
Formula Additive 1,13903,18243,row1
Formula Additive 1,14359,15955,row1
Formula Additive 1,14391,16507,row2
Formula Additive 1,14391,18243,row2
Formula Additive 1,14391,18254,row2
Formula Additive 1,14409,15955,row1
Formula Additive 1,14409,18196,row1
Formula Additive 1,14409,18243,row1
Formula Additive 1,13873,14852,row1
Formula Additive 1,13873,18187,row1
Formula Additive 1,13873,18199,row1
Formula Additive 1,13903,14852,row1
Formula Additive 1,13903,18187,row1
Formula Additive 1,13903,18199,row1
Formula Additive 1,14359,18199,row1
Formula Additive 1,14391,18199,row2
Formula Additive 1,14409,14852,row1
Formula Additive 1,14409,18187,row1
Formula Additive 1,14409,18199,row1
Formula Additive 1,13873,17733,row1
Formula Additive 1,13903,17718,row1
Formula Additive 1,13903,17740,row1
Formula Additive 1,13903,17830,row1
Formula Additive 1,14359,17733,row1
Formula Additive 1,14391,17718,row2
Formula Additive 1,14391,17733,row2
Formula Additive 1,14391,17740,row2
Formula Additive 1,14409,17718,row1
Formula Additive 1,14409,17733,row1
Formula Additive 1,14409,17740,row1
Formula Additive 1,14409,17830,row1
Formula Additive 1,15955,16761,row2
Formula Additive 1,16507,16761,row2
Formula Additive 1,16761,18196,row1
Formula Additive 1,16761,18243,row1
Formula Additive 1,15955,16991,row2
Formula Additive 1,14852,16761,row2
Formula Additive 1,16761,18187,row1
Formula Additive 1,16761,18199,row1
Formula Additive 1,14852,16991,row2
Formula Additive 1,16991,18187,row1
Formula Additive 1,16991,18199,row1
Formula Additive 1,16761,17718,row1
Formula Additive 1,16761,17733,row1
Formula Additive 1,16761,17740,row1
Formula Additive 1,16761,17830,row1
Formula Additive 1,16991,17733,row1
Formula Additive 1,14852,16507,row2
Formula Additive 1,16507,18187,row1
Formula Additive 1,16507,18199,row1
Formula Additive 1,18187,18196,row2
Formula Additive 1,14852,18243,row2
Formula Additive 1,18187,18243,row2
Formula Additive 1,18199,18243,row2
Formula Additive 1,14852,18254,row2
Formula Additive 1,18187,18254,row2
Formula Additive 1,18199,18254,row2
Formula Additive 1,15955,17718,row2
Formula Additive 1,15955,17733,row2
Formula Additive 1,15955,17740,row2
Formula Additive 1,16507,17718,row1
Formula Additive 1,16507,17733,row1
Formula Additive 1,16507,17740,row1
Formula Additive 1,16507,17830,row1
Formula Additive 1,17718,18196,row1
Formula Additive 1,17830,18196,row1
Formula Additive 1,17740,18243,row2
Formula Additive 1,17830,18243,row2
Formula Additive 1,17718,18254,row2
Formula Additive 1,17740,18254,row2
Formula Additive 1,17830,18254,row2
Formula Additive 1,14852,17718,row2
Formula Additive 1,14852,17740,row2
Formula Additive 1,17718,18187,row1
Formula Additive 1,17740,18187,row1
Formula Additive 1,17830,18187,row1
Formula Additive 1,17718,18199,row1
Formula Additive 1,17733,18199,row1
Formula Additive 1,18994,21113,row2
Formula Additive 1,21113,22814,row1
Formula Additive 1,18994,21639,row2
Formula Additive 1,21639,22814,row1
Formula Additive 1,18871,21666,row1
Formula Additive 1,17406,18311,row2
Formula Additive 1,16516,17406,row1
Formula Additive 1,16516,17434,row1
Formula Additive 1,17406,17571,row2
Formula Additive 1,19319,19419,row1
Formula Additive 1,19319,24319,row1
Formula Additive 1,19319,29343,row1
Formula Additive 1,19319,30481,row1
Formula Additive 1,19319,31481,row1
Formula Additive 1,14697,7024,row2
Formula Additive 1,12896,14697,row1
Formula Additive 1,16623,7024,row2
Formula Additive 1,16627,7024,row2
Formula Additive 1,16650,7024,row2
Formula Additive 1,18558,7024,row2
Formula Additive 1,12896,16623,row1
Formula Additive 1,12896,16627,row1
Formula Additive 1,12896,18558,row1
Formula Additive 1,14736,7024,row2
Formula Additive 1,14750,7024,row2
Formula Additive 1,15654,7024,row2
Formula Additive 1,12896,14736,row1
Formula Additive 1,12896,15654,row1
Formula Additive 1,17522,7024,row2
Formula Additive 1,17541,7024,row2
Formula Additive 1,12896,17522,row1
Formula Additive 1,12896,17541,row1
Formula Additive 1,14697,16650,row2
Formula Additive 1,14697,18558,row2
Formula Additive 1,14697,14736,row2
Formula Additive 1,14697,14750,row2
Formula Additive 1,14697,15654,row2
Formula Additive 1,14697,17522,row2
Formula Additive 1,14697,17541,row2
Formula Additive 1,14736,16623,row1
Formula Additive 1,14750,16623,row1
Formula Additive 1,15654,16623,row1
Formula Additive 1,14736,16627,row1
Formula Additive 1,14750,16627,row1
Formula Additive 1,15654,16627,row1
Formula Additive 1,14736,18558,row1
Formula Additive 1,14750,18558,row1
Formula Additive 1,15654,18558,row1
Formula Additive 1,16623,17522,row2
Formula Additive 1,16623,17541,row2
Formula Additive 1,16627,17522,row2
Formula Additive 1,16627,17541,row2
Formula Additive 1,17522,18558,row1
Formula Additive 1,17541,18558,row1
Formula Additive 1,14750,17541,row1
Formula Additive 1,15654,17522,row2
Formula Additive 1,20974,25238,row1
Formula Additive 1,22658,25238,row1
Formula Additive 1,21810,29917,row2
Formula Additive 2,17156,21113,row1
Formula Additive 2,17156,21639,row1
Formula Additive 2,17156,22826,row1
Formula Additive 2,17164,21113,row1
Formula Additive 2,17164,21639,row1
Formula Additive 2,17164,22826,row1
Formula Additive 2,17494,21113,row1
Formula Additive 2,17494,21639,row1
Formula Additive 2,17494,22826,row1
Formula Additive 2,17509,21113,row1
Formula Additive 2,17509,21639,row1
Formula Additive 2,17509,22826,row1
Formula Additive 2,17156,21666,row1
Formula Additive 2,17164,21666,row1
Formula Additive 2,17494,21666,row1
Formula Additive 2,17509,21666,row1
Formula Additive 2,17156,21659,row1
Formula Additive 2,17156,22571,row1
Formula Additive 2,17164,21659,row1
Formula Additive 2,17164,22571,row1
Formula Additive 2,17494,21659,row1
Formula Additive 2,17494,22571,row1
Formula Additive 2,17509,21659,row1
Formula Additive 2,17509,22571,row1
Formula Additive 2,21666,22826,row1
Formula Additive 2,21113,21659,row2
Formula Additive 2,21113,22571,row2
Formula Additive 2,21639,22571,row2
Formula Additive 2,22571,22826,row1
Formula Additive 2,13873,20295,row1
Formula Additive 2,13873,20651,row1
Formula Additive 2,13903,20295,row1
Formula Additive 2,13903,20651,row1
Formula Additive 2,14359,20295,row1
Formula Additive 2,14359,20651,row1
Formula Additive 2,14391,20295,row1
Formula Additive 2,14391,20651,row1
Formula Additive 2,14409,20295,row1
Formula Additive 2,14409,20651,row1
Formula Additive 2,13873,23166,row1
Formula Additive 2,13873,31293,row1
Formula Additive 2,13903,23166,row1
Formula Additive 2,13903,31293,row1
Formula Additive 2,14359,23166,row1
Formula Additive 2,14359,31293,row1
Formula Additive 2,14391,23166,row1
Formula Additive 2,14409,23166,row1
Formula Additive 2,14409,31293,row1
Formula Additive 2,20295,23166,row2
Formula Additive 2,20295,31293,row2
Formula Additive 2,20651,23166,row2
Formula Additive 2,20651,31293,row2
Formula Additive 2,14852,18994,row1
Formula Additive 2,14852,20822,row1
Formula Additive 2,14852,22814,row1
Formula Additive 2,18187,18994,row1
Formula Additive 2,18187,20822,row1
Formula Additive 2,18187,22814,row1
Formula Additive 2,18199,18994,row1
Formula Additive 2,18199,20822,row1
Formula Additive 2,18199,22814,row1
Formula Additive 2,18871,18994,row1
Formula Additive 2,18871,20822,row1
Formula Additive 2,18871,22814,row1
Formula Additive 2,17718,22383,row1
Formula Additive 2,17718,25648,row1
Formula Additive 2,17733,22383,row1
Formula Additive 2,17733,25648,row1
Formula Additive 2,17740,22383,row1
Formula Additive 2,17740,25648,row1
Formula Additive 2,17830,22383,row1
Formula Additive 2,17830,25648,row1
Formula Additive 2,17406,22754,row1
Formula Additive 2,17434,22754,row1
Formula Additive 2,17434,20005,row1
Formula Additive 2,17434,19319,row1
Formula Additive 2,19296,22754,row1
Formula Additive 2,19296,19319,row1
Formula Additive 2,19319,20005,row2
Formula Additive 2,18311,19419,row1
Formula Additive 2,18311,24319,row1
Formula Additive 2,18311,29343,row1
Formula Additive 2,18311,30481,row1
Formula Additive 2,18311,31481,row1
Formula Additive 2,18311,29391,row1
Formula Additive 2,18311,29404,row1
Formula Additive 2,19419,29391,row2
Formula Additive 2,19419,29404,row2
Formula Additive 2,24319,29391,row2
Formula Additive 2,24319,29404,row2
Formula Additive 2,29391,30481,row1
Formula Additive 2,29404,30481,row1
Formula Additive 2,29391,31481,row1
Formula Additive 2,29404,31481,row1
Formula Additive 2,19946,20974,row2
Formula Additive 2,19946,22658,row2
Formula Additive 2,20974,21810,row1
Formula Additive 2,21810,22658,row2
Formula Additive 2,19962,20974,row2
Formula Additive 2,19962,22658,row2
Formula Additive 2,19962,21810,row2
Formula Additive 2,14697,25238,row1
Formula Additive 2,14697,28967,row1
Formula Additive 2,14697,29042,row1
Formula Additive 2,14697,29960,row1
Formula Additive 2,25238,28967,row1
Formula Additive 2,25238,29042,row1
Formula Additive 2,25238,29960,row1
Formula Additive 2,28967,30028,row2
Formula Additive 2,29042,30028,row2
Formula Additive 2,14736,19986,row1
Formula Additive 2,14750,19986,row1
Formula Additive 2,15654,19986,row1
